chapter,section,label,sheet
FCE Sample Questions,A,FCE Sample Questions A,FCE Sample Questions__Q001-010.csv
FCE Sample Questions,B,FCE Sample Questions B,FCE Sample Questions__Q011-020.csv
FCE Sample Questions,C,FCE Sample Questions C,FCE Sample Questions__Q021-030.csv
FCE Sample Questions,D,FCE Sample Questions D,FCE Sample Questions__Q031-040.csv
FCE Sample Questions,E,FCE Sample Questions E,FCE Sample Questions__Q041-050.csv
FCE Sample Questions,F,FCE Sample Questions F,FCE Sample Questions__Q051-060.csv
Must do Sample Questions SET 1,A,Must do Sample Questions SET 1 A,Must do Sample Questions SET 1__Q001-010.csv
Must do Sample Questions SET 1,B,Must do Sample Questions SET 1 B,Must do Sample Questions SET 1__Q011-020.csv
Must do Sample Questions SET 1,C,Must do Sample Questions SET 1 C,Must do Sample Questions SET 1__Q021-030.csv
Must do Sample Questions SET 1,D,Must do Sample Questions SET 1 D,Must do Sample Questions SET 1__Q031-040.csv
Must do Sample Questions SET 1,E,Must do Sample Questions SET 1 E,Must do Sample Questions SET 1__Q041-050.csv
Must do Sample Questions SET 1,F,Must do Sample Questions SET 1 F,Must do Sample Questions SET 1__Q051-060.csv
Must do Sample Questions SET 2,A,Must do Sample Questions SET 2 A,Must do Sample Questions SET 2__Q001-010.csv
Must do Sample Questions SET 2,B,Must do Sample Questions SET 2 B,Must do Sample Questions SET 2__Q011-020.csv
Must do Sample Questions SET 2,C,Must do Sample Questions SET 2 C,Must do Sample Questions SET 2__Q021-030.csv
Must do Sample Questions SET 2,D,Must do Sample Questions SET 2 D,Must do Sample Questions SET 2__Q031-040.csv
Must do Sample Questions SET 2,E,Must do Sample Questions SET 2 E,Must do Sample Questions SET 2__Q041-050.csv
Must do Sample Questions SET 2,F,Must do Sample Questions SET 2 F,Must do Sample Questions SET 2__Q051-060.csv
Must do Sample Questions SET 2,G,Must do Sample Questions SET 2 G,Must do Sample Questions SET 2__Q061-068.csv
